{
    "train": {
        "max": 12.865339050111096,
        "min": -3.030801418054283,
        "mean": 7.9046285194237775,
        "std": 1.3226316426809963
    },
    "test": {
        "max": 5.3885867567687935,
        "min": -14.118432771149077,
        "mean": -9.438814609876987,
        "std": 2.0854356383695754
    },
    "difference_in_max": -7.476752293342303,
    "seed": 42
}