{
    "train": {
        "max": 13.577140320902343,
        "min": -10.356243709758562,
        "mean": 2.2531862321862377,
        "std": 3.865470833145335
    },
    "test": {
        "max": 20.69647510681179,
        "min": -17.166666099990813,
        "mean": 2.4341929297221148,
        "std": 4.948309265501492
    },
    "difference_in_max": 7.119334785909446,
    "seed": 42
}